feature,feature_value,shap_value,absolute_shap
V258,13.0,1.7967673491096146,1.7967673491096146
C1,20.0,1.2332803409969573,1.2332803409969573
V45,8.0,0.769340314329032,0.769340314329032
C13,2.0,0.5800899399186082,0.5800899399186082
V189,5.0,0.36428461197170137,0.36428461197170137
C12,15.0,0.34887908265088147,0.34887908265088147
V201,8.0,0.3380058296775094,0.3380058296775094
C14,2.0,0.29303570930513734,0.29303570930513734
C11,15.0,0.2560701003272744,0.2560701003272744
V257,12.0,0.2164702912312201,0.2164702912312201
card6,1.0,0.19624017123907034,0.19624017123907034
D14,24.0,-0.1941308736952347,0.1941308736952347
V44,8.0,0.15914006094550964,0.15914006094550964
V70,0.0,0.15392564837641007,0.15392564837641007
V187,4.0,0.14587173115933547,0.14587173115933547
card3,185.0,0.12538166040536708,0.12538166040536708
V217,13.0,-0.12108963924742157,0.12108963924742157
id_17,225.0,0.11554844722817802,0.11554844722817802
id_20,325.0,-0.11453368531944026,0.11453368531944026
card1,16062.0,-0.11113747223481124,0.11113747223481124
P_emaildomain,16.0,0.1105811303772285,0.1105811303772285
V52,3.0,0.097143653865463,0.097143653865463
D10,0.0,0.08849900552398197,0.08849900552398197
D2,97.0,0.08583521900261636,0.08583521900261636
DeviceInfo,497.0,-0.08454327442729853,0.08454327442729853
C6,8.0,0.08211454475254923,0.08211454475254923
R_emaildomain,16.0,0.08103553558118894,0.08103553558118894
D1,0.0,0.08054966323861182,0.08054966323861182
C8,25.0,0.07840198251093647,0.07840198251093647
card2,500.0,0.07619925378790489,0.07619925378790489
V48,0.0,0.07403849814691824,0.07403849814691824
M5,2.0,0.07317620946573784,0.07317620946573784
id_02,393252.0,-0.07158519481695397,0.07158519481695397
V87,3.0,0.07125636868375092,0.07125636868375092
TransactionDT,7053397.0,0.0625966795510211,0.0625966795510211
V91,0.0,0.06071794728179689,0.06071794728179689
id_01,-30.0,0.057951221991359124,0.057951221991359124
D15,0.0,0.057684717002822954,0.057684717002822954
V133,98.96800231933594,0.052048826722623676,0.052048826722623676
D3,8.0,0.05204789372401779,0.05204789372401779
V128,98.96800231933594,0.04845144245014732,0.04845144245014732
V130,0.0,0.04778443755685133,0.04778443755685133
V23,3.0,0.04476787971864048,0.04476787971864048
D4,0.0,0.04462569413678412,0.04462569413678412
V274,791.0794067382812,-0.04362896199376594,0.04362896199376594
V230,5.0,-0.042958827044428355,0.042958827044428355
TransactionAmt,49.484,-0.04295168856748366,0.04295168856748366
C10,10.0,0.042752343088203755,0.042752343088203755
V244,6.0,0.042230764482446066,0.042230764482446066
C5,0.0,0.04195084089855974,0.04195084089855974
addr1,299.0,0.041685527112824076,0.041685527112824076
DeviceType,2.0,0.04104916442282906,0.04104916442282906
V221,1.0,-0.040879952334108606,0.040879952334108606
V29,0.0,0.039241241691314856,0.039241241691314856
D8,0.625,0.03818437122261984,0.03818437122261984
V225,1.0,0.03716962373569621,0.03716962373569621
card5,137.0,-0.03468005038559925,0.03468005038559925
V38,3.0,0.03426868410383238,0.03426868410383238
V232,17.0,0.03383984444223216,0.03383984444223216
V200,8.0,0.033435259053562504,0.033435259053562504
D11,43.0,0.03280500184455522,0.03280500184455522
M7,2.0,0.03160515671411843,0.03160515671411843
V24,3.0,-0.031195268164807347,0.031195268164807347
V270,22.47620010375977,-0.03009782354669729,0.03009782354669729
id_38,0.0,-0.027750456519955495,0.027750456519955495
V268,27.55150032043457,-0.02615716750066211,0.02615716750066211
V222,6.0,-0.025393676355934224,0.025393676355934224
V207,0.0,0.024234154239020343,0.024234154239020343
ProductCD,0.0,0.023374154355058678,0.023374154355058678
V101,2.0,-0.023166169862790797,0.023166169862790797
V63,1.0,-0.02310478815847733,0.02310478815847733
M6,2.0,-0.02175497828309044,0.02175497828309044
id_31,48.0,0.02126901303401105,0.02126901303401105
V242,5.0,0.0212086228757093,0.0212086228757093
V271,50.0276985168457,-0.020870645444680522,0.020870645444680522
id_30,74.0,0.020868386007255626,0.020868386007255626
C2,31.0,0.020795346116156996,0.020795346116156996
id_14,-300.0,0.02003031931322542,0.02003031931322542
V266,0.0,0.019912808236552938,0.019912808236552938
V170,10.0,-0.019711107599875453,0.019711107599875453
V102,2.0,0.018224132454064405,0.018224132454064405
M4,2.0,0.01780885132232103,0.01780885132232103
V47,3.0,0.017535673606914423,0.017535673606914423
V246,6.0,0.017378559689692718,0.017378559689692718
V294,0.0,-0.015473528363988534,0.015473528363988534
V233,13.0,-0.015097336843267618,0.015097336843267618
V192,2.0,0.015013482846077746,0.015013482846077746
V285,0.0,0.014543774484964274,0.014543774484964274
V165,0.0,0.014538989890684936,0.014538989890684936
V310,0.0,0.01420538567584109,0.01420538567584109
V243,6.0,0.013014724926537859,0.013014724926537859
V53,0.0,-0.012773797874187027,0.012773797874187027
V317,0.0,-0.012677953485861317,0.012677953485861317
V264,859.1727294921875,0.012007604386236333,0.012007604386236333
V81,1.0,-0.011651763052509239,0.011651763052509239
D5,0.0,-0.011561244448486573,0.011561244448486573
D13,0.0,0.011260009273563467,0.011260009273563467
V171,10.0,0.0111780198557969,0.0111780198557969
V125,3.0,0.011089026774008953,0.011089026774008953
V99,0.0,0.011025709320766637,0.011025709320766637
V273,643.2919921875,0.010589148973157431,0.010589148973157431
id_19,266.0,0.010536127956855431,0.010536127956855431
V272,22.47620010375977,-0.010382075227790975,0.010382075227790975
id_29,0.0,0.009981457994684244,0.009981457994684244
V206,0.0,0.00997951338997422,0.00997951338997422
V40,1.0,0.009547101306450497,0.009547101306450497
V326,0.0,0.009436092416006278,0.009436092416006278
V86,3.0,0.008799430287236742,0.008799430287236742
V75,0.0,-0.008095108178539834,0.008095108178539834
C3,0.0,0.008014062817458728,0.008014062817458728
V94,1.0,0.007685678877469548,0.007685678877469548
V312,0.0,-0.007658780006423235,0.007658780006423235
C7,8.0,0.007564083159102323,0.007564083159102323
V169,0.0,0.007465825795980449,0.007465825795980449
V248,2.0,0.007295885002669521,0.007295885002669521
M3,2.0,-0.007081739868176023,0.007081739868176023
C4,8.0,-0.007057931940850647,0.007057931940850647
V92,1.0,-0.006462560299156388,0.006462560299156388
V12,0.0,-0.006324496360961774,0.006324496360961774
V229,11.0,0.005751536866008326,0.005751536866008326
V71,1.0,-0.0057291007166740395,0.0057291007166740395
V307,0.0,0.005572269406022814,0.005572269406022814
V37,3.0,-0.005389385572452199,0.005389385572452199
V283,1.0,-0.005329428848371477,0.005329428848371477
V173,0.0,0.0052153576420489785,0.0052153576420489785
V267,50.0276985168457,-0.004968070358990146,0.004968070358990146
V313,0.0,0.004704593094395844,0.004704593094395844
V323,0.0,0.004634533974317621,0.004634533974317621
V316,0.0,0.004360776499690784,0.004360776499690784
card4,2.0,-0.004344371165880245,0.004344371165880245
V76,0.0,0.0042679297283189956,0.0042679297283189956
V205,0.0,0.004094726986641706,0.004094726986641706
V97,2.0,0.003984853777137675,0.003984853777137675
V309,0.0,-0.003860496137769534,0.003860496137769534
V333,0.0,0.0038454742042829415,0.0038454742042829415
V33,1.0,0.003816779828541902,0.003816779828541902
V332,0.0,0.0038151627938713137,0.0038151627938713137
V85,1.0,-0.003756169220734492,0.003756169220734492
V39,1.0,0.0037192942914437083,0.0037192942914437083
V336,0.0,0.003683688281381725,0.003683688281381725
V315,0.0,0.0036452767541283316,0.0036452767541283316
V291,1.0,0.0035598697526493532,0.0035598697526493532
V6,1.0,0.0035441334124100537,0.0035441334124100537
V50,1.0,-0.0035281267421996324,0.0035281267421996324
V8,1.0,0.003496821561673426,0.003496821561673426
V35,0.0,0.0033979421680025955,0.0033979421680025955
V96,2.0,0.003157634546865156,0.003157634546865156
V210,0.0,0.003110029393672692,0.003110029393672692
V127,98.96800231933594,0.0030965727207283187,0.0030965727207283187
M9,2.0,-0.0030937173484489097,0.0030937173484489097
V56,1.0,0.0030296573967901895,0.0030296573967901895
V82,1.0,-0.0030065983981394815,0.0030065983981394815
V59,1.0,-0.00298585263064694,0.00298585263064694
D6,0.0,0.0029560689274817768,0.0029560689274817768
V55,1.0,0.0029240657725128957,0.0029240657725128957
id_15,0.0,0.0029052984417957243,0.0029052984417957243
dist1,8.0,0.0028893756553034266,0.0028893756553034266
V11,0.0,0.0027543108951327507,0.0027543108951327507
V36,0.0,0.002645267270187167,0.002645267270187167
V61,1.0,0.002612628098123808,0.002612628098123808
V124,3.0,-0.002569621449659795,0.002569621449659795
V54,0.0,0.0025352212753683126,0.0025352212753683126
id_13,33.0,-0.0024805601643942857,0.0024805601643942857
V223,0.0,0.002473774138511541,0.002473774138511541
V224,2.0,-0.0024615769480613617,0.0024615769480613617
V134,98.96800231933594,0.0023619935540840596,0.0023619935540840596
D9,0.625,-0.002348885925512948,0.002348885925512948
V220,0.0,0.0022457019133983996,0.0022457019133983996
V139,1.0,0.002043816112301561,0.002043816112301561
V281,0.0,-0.0020358126336170166,0.0020358126336170166
V172,0.0,0.002024528330196931,0.002024528330196931
V212,445.3559875488281,0.0020225131525793668,0.0020225131525793668
V51,3.0,0.0020154849303469667,0.0020154849303469667
V203,445.3559875488281,-0.0019991978130145614,0.0019991978130145614
V135,0.0,0.0019726823376752917,0.0019726823376752917
D12,0.0,0.0019677390878652754,0.0019677390878652754
V34,1.0,0.0019564751992632106,0.0019564751992632106
M1,2.0,0.0019529853093545374,0.0019529853093545374
V324,0.0,0.0019442174964634836,0.0019442174964634836
V265,670.843505859375,-0.0018198419699087924,0.0018198419699087924
V194,2.0,0.0018183880824713871,0.0018183880824713871
V131,0.0,-0.001768098687670577,0.001768098687670577
V129,0.0,-0.0016026163984453965,0.0016026163984453965
V19,1.0,-0.0015600091262562286,0.0015600091262562286
V69,0.0,0.0015506800574933827,0.0015506800574933827
V280,0.0,0.0015440062707492439,0.0015440062707492439
id_12,1.0,-0.0015161376987218788,0.0015161376987218788
id_33,236.0,-0.0014866421552033435,0.0014866421552033435
V72,1.0,-0.0014853997777637333,0.0014853997777637333
V293,0.0,0.001475985815539294,0.001475985815539294
V160,0.0,0.001473137312847162,0.001473137312847162
V231,13.0,-0.0014725904561159876,0.0014725904561159876
V216,0.0,0.001466205793743396,0.001466205793743396
V157,1.0,0.001458044597909432,0.001458044597909432
V159,0.0,0.0014312093621474406,0.0014312093621474406
V308,0.0,-0.0014053740900798575,0.0014053740900798575
V2,1.0,0.0013497849083893554,0.0013497849083893554
V275,643.2919921875,-0.0012824554168059078,0.0012824554168059078
V339,0.0,0.0012428412821003801,0.0012428412821003801
V90,0.0,0.0012408785014149314,0.0012408785014149314
id_36,0.0,0.0012347988400683637,0.0012347988400683637
V314,0.0,0.0012201949207863822,0.0012201949207863822
V156,1.0,-0.0012121723014258952,0.0012121723014258952
V234,1.0,0.0011633719756283147,0.0011633719756283147
V304,1.0,0.0011567736750147312,0.0011567736750147312
V126,98.96800231933594,0.0011305556497300914,0.0011305556497300914
V188,5.0,0.001090515600622721,0.001090515600622721
V335,0.0,0.0010650509612658587,0.0010650509612658587
M2,2.0,-0.0010277600220921254,0.0010277600220921254
C9,0.0,0.0010207782329170604,0.0010207782329170604
V3,1.0,-0.0010009503764825817,0.0010009503764825817
V238,0.0,0.0009975459457551394,0.0009975459457551394
V73,1.0,-0.0009966250920303186,0.0009966250920303186
id_09,0.0,-0.0009938032191352379,0.0009938032191352379
V263,643.2919921875,-0.0009882739777728258,0.0009882739777728258
V80,1.0,0.0009808306700277063,0.0009808306700277063
V219,14.0,-0.00092035633886725,0.00092035633886725
V182,0.0,0.0009037161689798064,0.0009037161689798064
V329,0.0,0.000855504612557337,0.000855504612557337
V141,0.0,0.0008442352324526634,0.0008442352324526634
V140,1.0,0.0008093911761876864,0.0008093911761876864
id_03,0.0,-0.0007818405920120231,0.0007818405920120231
V109,1.0,-0.0007620054474343581,0.0007620054474343581
id_34,4.0,0.0007588346908967224,0.0007588346908967224
V67,1.0,-0.0007567003042530477,0.0007567003042530477
V13,0.0,-0.0007000121209135289,0.0007000121209135289
V149,1.0,-0.0006889466176528827,0.0006889466176528827
V20,1.0,-0.0006718590820160477,0.0006718590820160477
V42,1.0,-0.0006475350009497242,0.0006475350009497242
V276,0.0,0.0006308584886095358,0.0006308584886095358
V143,0.0,0.0006301223918923068,0.0006301223918923068
V136,0.0,-0.0006277856490824268,0.0006277856490824268
id_28,0.0,-0.0006274000672296789,0.0006274000672296789
V306,0.0,0.000624230051585523,0.000624230051585523
V184,0.0,0.000616876176970838,0.000616876176970838
V83,1.0,-0.0006153558803140875,0.0006153558803140875
V151,1.0,0.0006131154714352681,0.0006131154714352681
id_05,0.0,0.0006072605057209618,0.0006072605057209618
V319,0.0,0.00058666236469988,0.00058666236469988
V282,1.0,0.0005824034199994259,0.0005824034199994259
V215,0.0,0.0005751626163182642,0.0005751626163182642
V176,3.0,-0.0005710041287614627,0.0005710041287614627
V64,1.0,-0.0005617482476958366,0.0005617482476958366
V26,1.0,0.0005614628521575948,0.0005614628521575948
V21,1.0,0.000544766224445045,0.000544766224445045
V166,0.0,0.0005341405904129347,0.0005341405904129347
V209,0.0,0.0005316720208245222,0.0005316720208245222
V318,0.0,-0.000522733225049243,0.000522733225049243
V202,445.3559875488281,-0.0005195292709544781,0.0005195292709544781
V289,0.0,0.0005171354078131786,0.0005171354078131786
V261,1.0,-0.0005139019776941145,0.0005139019776941145
V25,1.0,0.0005107447729116806,0.0005107447729116806
V10,0.0,0.000509764070852496,0.000509764070852496
M8,2.0,-0.0005021225027562238,0.0005021225027562238
id_35,0.0,-0.0005002807028190952,0.0005002807028190952
V185,0.0,0.0004820998555648546,0.0004820998555648546
V178,9.0,-0.00048206140405397327,0.00048206140405397327
V132,98.96800231933594,0.0004800393745401651,0.0004800393745401651
V278,0.0,0.0004760938628719191,0.0004760938628719191
V245,1.0,-0.00046961138535205944,0.00046961138535205944
V287,0.0,0.00044989500827265184,0.00044989500827265184
V84,1.0,-0.0004475985791682187,0.0004475985791682187
V279,0.0,0.00043595347614659496,0.00043595347614659496
V208,0.0,0.0004270398025834944,0.0004270398025834944
V297,0.0,0.0004269212561967616,0.0004269212561967616
V269,0.0,0.0004086641569685771,0.0004086641569685771
V174,0.0,0.0004024834356698975,0.0004024834356698975
V115,1.0,-0.000382763742129311,0.000382763742129311
id_11,100.0,-0.000373777173324464,0.000373777173324464
V95,2.0,0.0003361875806404637,0.0003361875806404637
id_32,24.0,-0.0003359779104849749,0.0003359779104849749
V197,1.0,-0.00030076447611096513,0.00030076447611096513
V145,0.0,0.00029913459624217466,0.00029913459624217466
V100,0.0,0.0002785048599561663,0.0002785048599561663
V204,445.3559875488281,-0.0002757724162213181,0.0002757724162213181
id_37,1.0,0.0002702737877016732,0.0002702737877016732
V57,1.0,-0.00026904258336325765,0.00026904258336325765
V251,1.0,-0.0002681906410937875,0.0002681906410937875
V77,1.0,0.0002677448665901113,0.0002677448665901113
V292,1.0,0.00026391825866060105,0.00026391825866060105
V179,9.0,-0.00026343251050761174,0.00026343251050761174
V150,1.0,0.00025696825499645635,0.00025696825499645635
V186,4.0,0.00025477609050060903,0.00025477609050060903
V137,0.0,0.0002538919675766372,0.0002538919675766372
V228,4.0,-0.0002527473061003841,0.0002527473061003841
V46,3.0,0.00024936656455989124,0.00024936656455989124
V105,0.0,0.0002471728011582675,0.0002471728011582675
V286,0.0,0.00024055661069969866,0.00024055661069969866
V255,1.0,0.00022076634835874932,0.00022076634835874932
V108,1.0,-0.00021836113131517356,0.00021836113131517356
V78,1.0,0.00021828797175361747,0.00021828797175361747
V211,445.3559875488281,0.00021815874219336523,0.00021815874219336523
V123,3.0,0.00021414783600093664,0.00021414783600093664
id_06,0.0,0.0002088583787689668,0.0002088583787689668
V214,0.0,0.0002067418772711326,0.0002067418772711326
V5,1.0,0.00020319601807136864,0.00020319601807136864
V226,0.0,0.000201482613708618,0.000201482613708618
V311,0.0,-0.00019984079084842845,0.00019984079084842845
V256,1.0,-0.00019891495857171163,0.00019891495857171163
V66,1.0,-0.00019840265095250542,0.00019840265095250542
V31,1.0,0.0001969283651117649,0.0001969283651117649
V152,1.0,0.00019307119812084802,0.00019307119812084802
V79,1.0,-0.00019266197877418836,0.00019266197877418836
id_04,0.0,-0.00019129702553301867,0.00019129702553301867
V260,1.0,-0.00019099802853217803,0.00019099802853217803
V49,0.0,0.00019067095709101477,0.00019067095709101477
V290,1.0,0.00018254782818289284,0.00018254782818289284
V227,1.0,-0.00017943042007196274,0.00017943042007196274
V303,1.0,0.0001792532805591508,0.0001792532805591508
V249,2.0,0.0001781341684569026,0.0001781341684569026
V164,0.0,0.00017509276138655093,0.00017509276138655093
V158,1.0,0.00016004711602752672,0.00016004711602752672
V218,20.0,0.00015947877232175178,0.00015947877232175178
V328,0.0,0.00015762178385062526,0.00015762178385062526
V301,0.0,0.00015452448579661397,0.00015452448579661397
V60,1.0,-0.00015380059747288063,0.00015380059747288063
V295,0.0,0.00014663828534127325,0.00014663828534127325
V299,0.0,0.00014646557202205944,0.00014646557202205944
V104,0.0,0.00014336144445672636,0.00014336144445672636
id_10,0.0,0.00014138488817416091,0.00014138488817416091
V111,1.0,-0.00013911087499546748,0.00013911087499546748
V338,0.0,0.00013606805894179533,0.00013606805894179533
V277,18.06559944152832,0.00013309724419108295,0.00013309724419108295
V321,0.0,0.00013285048108330533,0.00013285048108330533
V320,0.0,-0.0001315587694743461,0.0001315587694743461
id_16,0.0,0.00012635803323204166,0.00012635803323204166
V30,0.0,-0.00012366775320780146,0.00012366775320780146
V120,1.0,0.00011617886890402703,0.00011617886890402703
V237,0.0,0.00011161669490358594,0.00011161669490358594
V147,0.0,-0.000110133694596067,0.000110133694596067
V167,9.0,9.848513243497437e-05,9.848513243497437e-05
V162,0.0,-9.069943842107213e-05,9.069943842107213e-05
V254,1.0,8.464253129366409e-05,8.464253129366409e-05
V62,1.0,-8.284066243771922e-05,8.284066243771922e-05
V198,1.0,-8.247766872400995e-05,8.247766872400995e-05
V334,0.0,-7.96163839005375e-05,7.96163839005375e-05
V253,1.0,7.647429313612097e-05,7.647429313612097e-05
V154,1.0,-7.163121286444126e-05,7.163121286444126e-05
V4,1.0,6.931700261398077e-05,6.931700261398077e-05
V114,1.0,6.825470106101255e-05,6.825470106101255e-05
V146,0.0,-6.730749353841291e-05,6.730749353841291e-05
V106,0.0,6.56869540069287e-05,6.56869540069287e-05
V288,0.0,-6.227042973775143e-05,6.227042973775143e-05
V331,0.0,6.098167353161863e-05,6.098167353161863e-05
V118,1.0,5.961060117143167e-05,5.961060117143167e-05
V161,0.0,5.875827214157643e-05,5.875827214157643e-05
V296,0.0,-5.7669219353668773e-05,5.7669219353668773e-05
V116,1.0,-5.693256632071433e-05,5.693256632071433e-05
V177,9.0,5.5144860171803576e-05,5.5144860171803576e-05
V58,1.0,-5.012860231540593e-05,5.012860231540593e-05
V74,1.0,-4.884151320703351e-05,4.884151320703351e-05
V337,0.0,4.8444709516853906e-05,4.8444709516853906e-05
V7,1.0,-4.5062580345026873e-05,4.5062580345026873e-05
V259,1.0,4.420773237548311e-05,4.420773237548311e-05
V181,0.0,4.229639834663521e-05,4.229639834663521e-05
V183,0.0,3.106388195334203e-05,3.106388195334203e-05
V121,1.0,2.8335943598242266e-05,2.8335943598242266e-05
V236,1.0,2.766149242224633e-05,2.766149242224633e-05
V103,2.0,2.444646372279429e-05,2.444646372279429e-05
V43,1.0,-2.4152256020146078e-05,2.4152256020146078e-05
V213,445.3559875488281,2.2998770511948826e-05,2.2998770511948826e-05
V262,1.0,-2.051198782272752e-05,2.051198782272752e-05
V9,1.0,-2.0357131667953892e-05,2.0357131667953892e-05
V330,0.0,1.844645030042945e-05,1.844645030042945e-05
V112,1.0,-1.8277360952611626e-05,1.8277360952611626e-05
addr2,87.0,1.7330162023765815e-05,1.7330162023765815e-05
V180,0.0,1.6463194801278798e-05,1.6463194801278798e-05
V300,0.0,-1.6158286713069705e-05,1.6158286713069705e-05
V144,0.0,-1.4263126922131673e-05,1.4263126922131673e-05
V284,0.0,1.377272417346401e-05,1.377272417346401e-05
V155,1.0,-1.1874515868868114e-05,1.1874515868868114e-05
V15,1.0,1.1793255272263965e-05,1.1793255272263965e-05
V302,1.0,1.1456815093385346e-05,1.1456815093385346e-05
V163,0.0,-1.049763012568975e-05,1.049763012568975e-05
V199,8.0,-9.201979699810505e-06,9.201979699810505e-06
V148,1.0,-5.7139689718672025e-06,5.7139689718672025e-06
V17,1.0,5.18237527779383e-06,5.18237527779383e-06
V16,1.0,5.141090918617219e-06,5.141090918617219e-06
V250,1.0,-2.361347346382382e-06,2.361347346382382e-06
V138,0.0,-2.315566487547759e-06,2.315566487547759e-06
V175,0.0,0.0,0.0
V168,9.0,0.0,0.0
V190,5.0,0.0,0.0
V14,1.0,0.0,0.0
V88,1.0,0.0,0.0
V89,0.0,0.0,0.0
V93,1.0,0.0,0.0
V196,1.0,0.0,0.0
V235,0.0,0.0,0.0
V153,1.0,0.0,0.0
V68,0.0,0.0,0.0
V65,1.0,0.0,0.0
V193,2.0,0.0,0.0
V191,2.0,0.0,0.0
V195,2.0,0.0,0.0
V117,1.0,0.0,0.0
V241,1.0,0.0,0.0
V240,1.0,0.0,0.0
V239,1.0,0.0,0.0
V142,0.0,0.0,0.0
V252,1.0,0.0,0.0
V247,2.0,0.0,0.0
V41,1.0,0.0,0.0
V32,1.0,0.0,0.0
V122,1.0,0.0,0.0
V119,1.0,0.0,0.0
V327,0.0,0.0,0.0
V305,1.0,0.0,0.0
V22,1.0,0.0,0.0
V18,1.0,0.0,0.0
V27,0.0,0.0,0.0
V28,0.0,0.0,0.0
V298,0.0,0.0,0.0
V325,0.0,0.0,0.0
V322,0.0,0.0,0.0
V98,0.0,0.0,0.0
V113,1.0,0.0,0.0
V110,1.0,0.0,0.0
V107,1.0,0.0,0.0
V1,1.0,0.0,0.0
